{
  "row_heights": {
    "3": 18.0,
    "4": 18.0,
    "5": 27.75,
    "6": 18.0,
    "7": 30.75,
    "8": 18.0,
    "9": 18.0,
    "10": 18.0,
    "11": 45.0,
    "12": 18.0,
    "13": 49.5,
    "14": 18.0,
    "15": 18.0,
    "16": 18.0,
    "17": 18.0,
    "18": 18.0,
    "19": 18.0,
    "20": 18.0,
    "21": 18.0,
    "22": 18.0,
    "23": 18.0,
    "24": 18.0
  },
  "column_widths": {
    "A": 13.0,
    "B": 13.0,
    "C": 4.83203125,
    "D": 6.1640625,
    "E": 5.33203125,
    "F": 13.0,
    "G": 13.0,
    "H": 2.33203125,
    "I": 2.6640625,
    "J": 13.0,
    "K": 13.0,
    "L": 5.0,
    "M": 13.0,
    "N": 13.0,
    "O": 4.1640625,
    "P": 13.0,
    "Q": 6.1640625,
    "R": 13.0,
    "S": 9.5,
    "T": 3.0,
    "U": 13.0,
    "V": 13.0,
    "W": 13.0,
    "X": 13.0,
    "Y": 6.0,
    "Z": 4.1640625,
    "AA": 13.0,
    "AB": 13.0,
    "AC": 13.0,
    "AD": 13.0,
    "AE": 5.5,
    "AF": 13.0,
    "AG": 13.0,
    "AH": 13.0,
    "AI": 13.0,
    "AJ": 13.0,
    "AK": 13.0,
    "AL": 5.0,
    "AM": 13.0,
    "AN": 3.5,
    "AO": 4.6640625,
    "AP": 13.0,
    "AQ": 13.0,
    "AR": 5.6640625,
    "AS": 13.0,
    "AT": 13.0,
    "AU": 13.0,
    "AV": 13.0,
    "AW": 13.0,
    "AX": 13.0,
    "AY": 13.0,
    "AZ": 13.0,
    "BA": 13.0,
    "BB": 13.0,
    "BC": 13.0,
    "BD": 13.0
  }
}