{
  "row_heights": {
    "1": 18.0,
    "2": 18.0,
    "3": 27.0,
    "4": 18.0,
    "5": 36.0,
    "6": 18.0,
    "7": 18.0,
    "8": 30.0,
    "9": 36.0,
    "10": 18.0,
    "11": 45.0,
    "12": 18.0,
    "13": 18.0,
    "14": 43.5,
    "15": 24.75,
    "16": 37.5,
    "17": 18.0,
    "18": 18.0,
    "19": 35.25,
    "20": 27.75,
    "21": 24.75,
    "22": 18.0,
    "23": 31.5,
    "24": 28.5,
    "25": 18.0,
    "26": 37.5,
    "27": 18.0,
    "28": 18.0,
    "29": 39.75,
    "30": 18.0,
    "31": 33.75,
    "32": 27.75,
    "33": 18.0,
    "34": 18.0,
    "35": 18.0,
    "36": 33.0,
    "37": 34.25,
    "38": 18.0,
    "39": 18.0,
    "40": 18.0,
    "41": 48.0,
    "42": 18.0,
    "43": 39.0,
    "44": 18.0,
    "45": 48.75,
    "46": 18.0,
    "47": 18.0,
    "48": 18.0,
    "49": 18.0,
    "50": 18.0,
    "51": 18.0,
    "52": 18.0,
    "53": 18.0,
    "54": 18.0,
    "55": 18.0,
    "56": 18.0,
    "57": 18.0,
    "58": 18.0,
    "59": 15.0,
    "60": 14.0,
    "61": 14.0,
    "62": 14.0,
    "63": 14.0,
    "64": 14.0
  },
  "column_widths": {
    "A": 3.5,
    "B": 13.0,
    "C": 8.1640625,
    "D": 3.5,
    "E": 13.0,
    "F": 13.0,
    "G": 9.5,
    "H": 3.5,
    "I": 13.0,
    "J": 10.5,
    "K": 3.5,
    "L": 13.0,
    "M": 9.0,
    "N": 3.5,
    "O": 13.0,
    "P": 9.5,
    "Q": 7.5,
    "R": 3.5,
    "S": 13.0,
    "T": 11.5,
    "U": 3.5,
    "V": 13.0,
    "W": 8.0,
    "X": 8.5,
    "Y": 3.5,
    "Z": 13.0,
    "AA": 9.5,
    "AB": 3.5,
    "AC": 13.0,
    "AD": 7.6640625,
    "AE": 3.5,
    "AF": 13.0,
    "AG": 7.5,
    "AH": 5.5,
    "AI": 4.5,
    "AJ": 3.5,
    "AK": 13.0,
    "AL": 13.0,
    "AM": 13.0,
    "AN": 13.0,
    "AO": 4.5,
    "AP": 3.5,
    "AQ": 13.0,
    "AR": 5.5,
    "AS": 3.5,
    "AT": 13.0,
    "AU": 13.0,
    "AV": 6.5,
    "AW": 13.0,
    "AX": 3.5,
    "AY": 13.0,
    "AZ": 13.0,
    "BA": 13.0,
    "BB": 13.0,
    "BC": 13.0,
    "BD": 13.0,
    "BE": 11.6640625,
    "BF": 26.5,
    "BG": 17.5,
    "BH": 128.83203125,
    "BI": 3.5,
    "BJ": 13.0,
    "BK": 13.0,
    "BL": 13.0,
    "BM": 13.0,
    "BN": 13.0,
    "BO": 13.0,
    "BP": 13.0
  }
}