{
  "row_heights": {
    "1": 23.0,
    "2": 18.0,
    "3": 45.75,
    "4": 18.0,
    "5": 35.25,
    "6": 40.5,
    "7": 18.0,
    "8": 18.0,
    "9": 18.0,
    "10": 18.0,
    "11": 18.0,
    "12": 40.5,
    "13": 18.0,
    "14": 45.0,
    "15": 20.25,
    "16": 18.0,
    "17": 18.0,
    "18": 42.0,
    "19": 18.0,
    "20": 36.0,
    "21": 48.75,
    "22": 18.0,
    "23": 18.0,
    "24": 29.25,
    "25": 35.25,
    "26": 18.0,
    "27": 38.25,
    "28": 18.0,
    "29": 18.0,
    "30": 44.25,
    "31": 18.0,
    "32": 68.25,
    "33": 19.5,
    "34": 44.25,
    "35": 18.0,
    "36": 18.0,
    "37": 14.25,
    "38": 18.0,
    "39": 18.0,
    "40": 18.0,
    "41": 18.0,
    "42": 18.0,
    "43": 62.25,
    "44": 18.0,
    "45": 18.0,
    "46": 18.0,
    "47": 18.0,
    "48": 18.0,
    "49": 16.0,
    "50": 16.0,
    "51": 16.0,
    "52": 16.0,
    "53": 16.0,
    "54": 16.0,
    "55": 14.0,
    "56": 14.0,
    "57": 14.0,
    "58": 15.0,
    "59": 15.0,
    "60": 14.0,
    "61": 14.0,
    "62": 14.0,
    "63": 14.0,
    "64": 14.0
  },
  "column_widths": {
    "A": 3.5,
    "B": 13.0,
    "C": 5.5,
    "D": 3.5,
    "E": 13.0,
    "F": 6.1640625,
    "G": 3.5,
    "H": 13.0,
    "I": 7.0,
    "J": 3.5,
    "K": 13.0,
    "L": 13.0,
    "M": 13.0,
    "N": 13.0,
    "O": 6.5,
    "P": 5.83203125,
    "Q": 6.1640625,
    "R": 5.6640625,
    "S": 5.83203125,
    "T": 3.5,
    "U": 6.5,
    "V": 6.1640625,
    "W": 5.5,
    "X": 5.6640625,
    "Y": 3.5,
    "Z": 6.5,
    "AA": 5.5,
    "AB": 13.0,
    "AC": 6.1640625,
    "AD": 3.5,
    "AE": 13.0,
    "AF": 13.0,
    "AG": 6.5,
    "AH": 3.5,
    "AI": 13.0,
    "AJ": 5.5,
    "AK": 3.5,
    "AL": 13.0,
    "AM": 11.0,
    "AN": 3.5,
    "AO": 13.0,
    "AP": 6.33203125,
    "AQ": 3.5,
    "AR": 13.0,
    "AS": 6.33203125,
    "AT": 3.5,
    "AU": 13.0,
    "AV": 6.5,
    "AW": 3.5,
    "AX": 13.0,
    "AY": 6.5,
    "AZ": 3.5,
    "BA": 13.0,
    "BB": 13.0,
    "BC": 8.5,
    "BD": 3.5,
    "BE": 13.0,
    "BF": 9.5,
    "BG": 25.6640625,
    "BH": 19.1640625,
    "BI": 64.33203125
  }
}