{
  "row_heights": {
    "1": 23.25,
    "2": 18.0,
    "3": 18.0,
    "4": 35.25,
    "5": 18.0,
    "6": 37.5,
    "7": 18.0,
    "8": 18.0,
    "9": 18.0,
    "10": 16.5,
    "11": 27.0,
    "12": 46.5,
    "13": 31.5,
    "14": 33.75,
    "15": 26.25,
    "16": 42.0,
    "17": 35.0,
    "18": 33.0,
    "19": 17.25,
    "20": 22.5,
    "21": 24.0,
    "22": 18.0,
    "23": 24.75,
    "24": 25.5,
    "25": 27.0,
    "26": 18.0,
    "27": 31.5,
    "28": 43.5,
    "29": 27.75,
    "30": 42.0,
    "31": 18.0,
    "32": 18.0,
    "33": 18.0,
    "34": 34.5,
    "35": 18.0,
    "36": 18.0,
    "37": 18.0,
    "38": 41.25,
    "39": 18.0,
    "40": 46.5,
    "41": 16.0,
    "42": 14.0,
    "43": 15.0,
    "44": 15.0,
    "45": 14.0,
    "46": 14.0,
    "47": 14.0,
    "48": 14.0,
    "49": 14.0
  },
  "column_widths": {
    "A": 3.5,
    "B": 13.0,
    "C": 13.0,
    "D": 13.0,
    "E": 13.0,
    "F": 13.0,
    "G": 13.0,
    "H": 13.0,
    "I": 13.0,
    "J": 6.1640625,
    "K": 9.0,
    "L": 8.0,
    "M": 6.0,
    "N": 6.5,
    "O": 13.0,
    "P": 13.0,
    "Q": 6.0,
    "R": 6.5,
    "S": 3.5,
    "T": 7.5,
    "U": 7.1640625,
    "V": 5.0,
    "W": 7.83203125,
    "X": 5.6640625,
    "Y": 5.83203125,
    "Z": 4.5,
    "AA": 7.0,
    "AB": 6.6640625,
    "AC": 6.5,
    "AD": 5.5,
    "AE": 3.5,
    "AF": 11.5,
    "AG": 1.83203125,
    "AH": 5.5,
    "AI": 9.5,
    "AJ": 5.5,
    "AK": 3.5,
    "AL": 5.5,
    "AM": 3.5,
    "AN": 13.0,
    "AO": 13.0,
    "AP": 5.5,
    "AQ": 3.5,
    "AR": 13.0,
    "AS": 6.5,
    "AT": 3.5,
    "AU": 13.0,
    "AV": 5.5,
    "AW": 3.5,
    "AX": 13.0,
    "AY": 13.0,
    "AZ": 13.0,
    "BA": 13.0,
    "BB": 13.0,
    "BC": 34.5,
    "BD": 22.5
  }
}