{
  "row_heights": {
    "2": 18.0,
    "3": 18.0,
    "4": 18.0,
    "5": 18.0,
    "6": 45.0,
    "7": 18.0,
    "8": 18.0,
    "9": 18.0,
    "10": 18.0,
    "11": 18.0,
    "12": 18.0,
    "13": 20.0,
    "14": 20.0,
    "15": 20.0,
    "16": 37.5,
    "17": 30.75,
    "18": 16.0,
    "19": 18.0,
    "20": 18.0,
    "21": 20.0,
    "22": 37.5,
    "23": 20.0,
    "24": 20.0,
    "25": 50.25,
    "26": 20.0,
    "27": 20.0,
    "28": 39.0,
    "29": 16.0,
    "30": 14.0,
    "31": 15.0,
    "32": 15.0,
    "33": 15.0,
    "34": 14.0,
    "35": 14.0,
    "36": 14.0,
    "37": 14.0
  },
  "column_widths": {
    "A": 9.5,
    "B": 13.0,
    "C": 3.5,
    "D": 13.0,
    "E": 13.0,
    "F": 13.5,
    "G": 3.5,
    "H": 13.0,
    "I": 13.0,
    "J": 13.0,
    "K": 13.0,
    "L": 13.0,
    "M": 13.0,
    "N": 13.0,
    "O": 7.0,
    "P": 6.5,
    "Q": 3.5,
    "R": 13.33203125,
    "S": 3.5,
    "T": 13.0,
    "U": 8.5,
    "V": 3.5,
    "W": 13.0,
    "X": 9.0,
    "Y": 3.5,
    "Z": 13.0,
    "AA": 13.0,
    "AB": 13.0,
    "AC": 6.1640625,
    "AD": 3.5,
    "AE": 13.0,
    "AF": 13.0,
    "AG": 13.0,
    "AH": 13.0,
    "AI": 13.0,
    "AJ": 13.0,
    "AK": 13.0,
    "AL": 13.0,
    "AM": 13.0,
    "AN": 13.0,
    "AO": 13.0,
    "AP": 13.0,
    "AQ": 13.0,
    "AR": 13.0,
    "AS": 13.0,
    "AT": 6.0,
    "AU": 13.0,
    "AV": 5.5,
    "AW": 3.5,
    "AX": 13.0,
    "AY": 13.0,
    "AZ": 13.0,
    "BA": 13.0,
    "BB": 13.0,
    "BC": 13.0,
    "BD": 13.0,
    "BE": 13.0,
    "BF": 13.0,
    "BG": 13.0,
    "BH": 13.0,
    "BI": 27.0,
    "BJ": 21.83203125,
    "BK": 61.5,
    "BL": 3.5,
    "BM": 13.0,
    "BN": 13.0,
    "BO": 13.0,
    "BP": 13.0,
    "BQ": 13.0,
    "BR": 13.0,
    "BS": 13.0
  }
}