{
  "row_heights": {
    "1": 18.0,
    "2": 18.0,
    "3": 48.0,
    "4": 18.0,
    "5": 43.5,
    "6": 18.0,
    "7": 18.0,
    "8": 18.0,
    "9": 18.0,
    "10": 18.0,
    "11": 53.25,
    "12": 31.5,
    "13": 30.75,
    "14": 38.25,
    "15": 14.0,
    "16": 18.0,
    "17": 39.5,
    "18": 18.0,
    "19": 28.5,
    "20": 29.0,
    "21": 14.0,
    "22": 45.75,
    "23": 33.0,
    "24": 18.0,
    "25": 50.25,
    "26": 18.0,
    "27": 46.5,
    "28": 18.0,
    "29": 18.0,
    "30": 32.25,
    "31": 18.0,
    "32": 45.75,
    "33": 16.0,
    "34": 16.0,
    "35": 16.0,
    "36": 16.0,
    "37": 16.0,
    "38": 16.0,
    "39": 16.0,
    "40": 16.0,
    "41": 16.0,
    "42": 16.0,
    "43": 16.0,
    "44": 16.0,
    "45": 16.0,
    "46": 16.0,
    "47": 16.0,
    "48": 16.0,
    "49": 16.0,
    "50": 16.0,
    "51": 16.0,
    "52": 16.0,
    "53": 14.0
  },
  "column_widths": {
    "A": 3.5,
    "B": 13.0,
    "C": 13.0,
    "D": 13.0,
    "E": 6.1640625,
    "F": 7.0,
    "G": 3.5,
    "H": 6.83203125,
    "I": 4.5,
    "J": 6.33203125,
    "K": 6.1640625,
    "L": 7.5,
    "M": 4.5,
    "N": 8.5,
    "O": 3.5,
    "P": 9.5,
    "Q": 3.5,
    "R": 13.0,
    "S": 9.6640625,
    "T": 3.5,
    "U": 8.5,
    "V": 3.0,
    "W": 3.5,
    "X": 5.6640625,
    "Y": 3.5,
    "Z": 13.0,
    "AA": 11.5,
    "AB": 3.5,
    "AC": 13.0,
    "AD": 8.5,
    "AE": 3.5,
    "AF": 13.0,
    "AG": 7.5,
    "AH": 3.5,
    "AI": 13.0,
    "AJ": 6.5,
    "AK": 3.5,
    "AL": 13.0,
    "AM": 9.5,
    "AN": 3.5,
    "AO": 13.0,
    "AP": 13.0,
    "AQ": 13.0,
    "AR": 13.0,
    "AS": 13.0,
    "AT": 13.0,
    "AU": 13.0,
    "AV": 13.0,
    "AW": 13.0,
    "AX": 13.0,
    "AY": 13.0,
    "AZ": 4.5,
    "BA": 29.5,
    "BB": 23.5
  }
}